Year,Round,Pick,Team,Player,Position,College
2020,1,CIN,Joe Burrow,QB,23,2022
2020,2,WAS,Chase Young,DE,21,2022
2020,3,DET,Jeff Okudah,CB,21,2022
2020,4,NYG,Andrew Thomas,T,21,2022
2020,5,MIA,Tua Tagovailoa,QB,22,2022
2020,6,LAC,Justin Herbert,QB,22,2022
2020,7,CAR,Derrick Brown,DT,22,2022
2020,8,ARI,Isaiah Simmons,LB,22,2022
2020,9,JAX,C.J. Henderson,CB,21,2022
2020,10,CLE,Jedrick Wills Jr.,T,21,2022
2020,11,NYJ,Mekhi Becton,T,21,2021
2020,12,LVR,Henry Ruggs III,WR,21,2021
2020,13,TAM,Tristan Wirfs,T,21,2022
2020,14,SFO,Javon Kinlaw,DT,22,2022
2020,15,DEN,Jerry Jeudy,WR,21,2022
2020,16,ATL,AJ Terrell,CB,21,2022
2020,17,DAL,CeeDee Lamb,WR,21,2022
2020,18,MIA,Austin Jackson,T,21,2022
2020,19,LVR,Damon Arnette,CB,24,2021
2020,20,JAX,K'Lavon Chaisson,DE,21,2022
2020,21,PHI,Jalen Reagor,WR,21,2022
2020,22,MIN,Justin Jefferson,WR,21,2022
2020,23,LAC,Kenneth Murray,LB,21,2022
2020,24,NOR,Cesar Ruiz,C,21,2022
2020,25,SFO,Brandon Aiyuk,WR,22,2022
2020,26,GNB,Jordan Love,QB,21,2022
2020,27,SEA,Jordyn Brooks,LB,22,2022
2020,28,BAL,Patrick Queen,LB,21,2022
2020,29,TEN,Isaiah Wilson,T,21,2020
2020,30,MIA,Noah Igbinoghene,CB,20,2022
2020,31,MIN,Jeff Gladney,CB,23,2020
2020,32,KAN,Clyde Edwards-Helaire,RB,21,2022
2020,33,CIN,Tee Higgins,WR,21,2022
2020,34,IND,Michael Pittman Jr.,WR,22,2022
2020,35,DET,D'Andre Swift,RB,21,2022
2020,36,NYG,Xavier McKinney,S,21,2022
2020,37,NWE,Kyle Dugger,S,24,2022
2020,38,CAR,Yetur Gross-Matos,DE,22,2022
2020,39,MIA,Robert Hunt,G,24,2022
2020,40,HOU,Ross Blacklock,DT,22,2022
2020,41,IND,Jonathan Taylor,RB,21,2022
2020,42,JAX,Laviska Shenault Jr.,WR,21,2022
2020,43,CHI,Cole Kmet,TE,21,2022
2020,44,CLE,Grant Delpit,S,21,2022
2020,45,TAM,Antoine Winfield Jr.,S,22,2022
2020,46,DEN,KJ Hamler,WR,21,2022
2020,47,ATL,Marlon Davidson,DE,22,2021
2020,48,SEA,Darrell Taylor,DE,23,2022
2020,49,PIT,Chase Claypool,WR,22,2022
2020,50,CHI,Jaylon Johnson,CB,21,2022
2020,51,DAL,Trevon Diggs,CB,21,2022
2020,52,LAR,Cam Akers,RB,21,2022
2020,53,PHI,Jalen Hurts,QB,22,2022
2020,54,BUF,A.J. Epenesa,DE,21,2022
2020,55,BAL,J.K. Dobbins,RB,21,2022
2020,56,MIA,Raekwon Davis,DT,23,2022
2020,57,LAR,Van Jefferson,WR,24,2022
2020,58,MIN,Ezra Cleveland,T,22,2022
2020,59,NYJ,Denzel Mims,WR,22,2022
2020,60,NWE,Josh Uche,LB,21,2022
2020,61,TEN,Kristian Fulton,CB,22,2022
2020,62,GNB,AJ Dillon ,RB,22,2022
2020,63,KAN,Willie Gay Jr.,LB,22,2022
2020,64,CAR,Jeremy Chinn,S,22,2022
2020,65,CIN,Logan Wilson,LB,24,2022
2020,66,WAS,Antonio Gibson ,RB,22,2022
2020,67,DET,Julian Okwara,DE,22,2022
2020,68,NYJ,Ashtyn Davis,S,23,2022
2020,69,SEA,Damien Lewis,G,23,2022
2020,70,MIA,Brandon Jones,S,22,2022
2020,71,BAL,Justin Madubuike,DT,22,2022
2020,72,ARI,Josh Jones,T,23,2022
2020,73,JAX,DaVon Hamilton,DT,23,2022
2020,74,NOR,Zack Baun,LB,23,2022
2020,75,DET,Jonah Jackson,G,23,2022
2020,76,TAM,Ke'Shawn Vaughn,RB,23,2022
2020,77,DEN,Michael Ojemudia,CB,22,2022
2020,78,ATL,Matt Hennessy,C,22,2022
2020,79,NYJ,Jabari Zuniga,DE,23,2022
2020,80,LVR,Lynn Bowden Jr.,WR,22,2022
2020,81,LVR,Bryan Edwards,WR,21,2022
2020,82,DAL,Neville Gallimore,DT,23,2022
2020,83,DEN,Lloyd Cushenberry III,C,22,2022
2020,84,LAR,Terrell Lewis,LB,22,2022
2020,85,IND,Julian Blackmon,S,22,2022
2020,86,BUF,Zack Moss,RB,22,2022
2020,87,NWE,Anfernee Jennings,LB,23,2022
2020,88,CLE,Jordan Elliott,DT,22,2022
2020,89,MIN,Cameron Dantzler,CB,22,2022
2020,90,HOU,Jonathan Greenard,DE,23,2022
2020,91,NWE,Devin Asiasi,TE,23,2022
2020,92,BAL,Devin Duvernay,WR,22,2022
2020,93,TEN,Darrynton Evans,RB,22,2022
2020,94,GNB,Josiah Deguara,TE,23,2022
2020,95,DEN,McTelvin Agim,DT,22,2021
2020,96,KAN,Lucas Niang,T,22,2022
2020,97,CLE,Jacob Phillips,LB,21,2022
2020,98,BAL,Malik Harrison,LB,22,2022
2020,99,NYG,Matt Peart,T,23,2022
2020,100,LVR,Tanner Muse,S,24,2022
2020,101,NWE,Dalton Keene,TE,21,2020
2020,102,PIT,Alex Highsmith,LB,23,2022
2020,103,PHI,Davion Taylor,LB,22,2021
2020,104,LAR,Terrell Burgess ,S,21,2022
2020,105,NOR,Adam Trautman,TE,23,2022
2020,106,BAL,Tyre Phillips,T,23,2022
2020,107,CIN,Akeem Davis-Gaither,LB,22,2022
2020,108,WAS,Saahdiq Charles,T,21,2022
2020,109,LVR,John Simpson,G,23,2022
2020,110,NYG,Darnay Holmes,CB,22,2022
2020,111,MIA,Solomon Kindley,G,23,2021
2020,112,LAC,Joshua Kelley,RB,22,2022
2020,113,CAR,Troy Pride Jr.,CB,22,2020
2020,114,ARI,Leki Fotu,DT,22,2022
2020,115,CLE,Harrison Bryant,TE,22,2022
2020,116,JAX,Ben Bartch,G,22,2022
2020,117,MIN,D.J. Wonnum,DE,22,2022
2020,118,DEN,Albert Okwuegbunam,TE,22,2022
2020,119,ATL,Mykal Walker,LB,23,2022
2020,120,NYJ,La'Mical Perine,RB,22,2021
2020,121,DET,Logan Stenberg,G,23,2022
2020,122,IND,Jacob Eason,QB,22,2022
2020,123,DAL,Reggie Robinson II,CB,23,2020
2020,124,PIT,Anthony McFarland Jr.,RB,21,2022
2020,125,NYJ,James Morgan,QB,23,
2020,126,HOU,Charlie Heck,T,23,2022
2020,127,PHI,K'Von Wallace,S,23,2022
2020,128,BUF,Gabriel Davis,WR,21,2022
2020,129,NYJ,Cameron Clark,T,22,
2020,130,MIN,James Lynch,DT,21,2022
2020,131,ARI,Rashard Lawrence,DT,22,2022
2020,132,MIN,Troy Dye,LB,23,2022
2020,133,SEA,Colby Parkinson,TE,21,2022
2020,134,ATL,Jaylinn Hawkins,S,23,2022
2020,135,PIT,Kevin Dotson,G,23,2022
2020,136,LAR,Brycen Hopkins,TE,23,2022
2020,137,JAX,Josiah Scott,CB,21,2022
2020,138,KAN,L'Jarius Sneed,S,23,2022
2020,139,LVR,Amik Robertson,CB,22,2022
2020,140,JAX,Shaquille Quarterman,LB,22,2022
2020,141,HOU,John Reid,CB,24,2022
2020,142,WAS,Antonio Gandy-Golden,WR,22,2021
2020,143,BAL,Ben Bredeson,G,22,2022
2020,144,SEA,DeeJay Dallas,RB,21,2022
2020,145,PHI,Jack Driscoll,G,23,2022
2020,146,DAL,Tyler Biadasz,C,22,2022
2020,147,CIN,Khalid Kareem,DE,22,2022
2020,148,SEA,Alton Robinson,DE,22,2021
2020,149,IND,Danny Pinter,G,24,2022
2020,150,NYG,Shane Lemieux,G,23,2022
2020,151,LAC,Joe Reed,WR,22,2020
2020,152,CAR,Kenny Robinson Jr.,S,21,2021
2020,153,SFO,Colton McKivitz,T,24,2022
2020,154,MIA,Jason Strowbridge,DE,23,2020
2020,155,CHI,Trevis Gipson,DE,23,2022
2020,156,WAS,Keith Ismael,C,22,2021
2020,157,JAX,Daniel Thomas,S,22,2022
2020,158,NYJ,Bryce Hall,CB,23,2022
2020,159,NWE,Justin Rohrwasser,K,23,
2020,160,CLE,Nick Harris,C,21,2021
2020,161,TAM,Tyler Johnson,WR,22,2022
2020,162,WAS,Khaleke Hudson,LB,22,2022
2020,163,CHI,Kindle Vildor,CB,22,2022
2020,164,MIA,Curtis Weaver,DE,22,2021
2020,165,JAX,Collin Johnson,WR,22,2021
2020,166,DET,Quintez Cephus,WR,22,2022
2020,167,BUF,Jake Fromm,QB,22,2021
2020,168,PHI,John Hightower,WR,24,2021
2020,169,MIN,Harrison Hand,CB,21,2022
2020,170,BAL,Broderick Washington Jr.,DT,23,2022
2020,171,HOU,Isaiah Coulter,WR,21,2021
2020,172,DET,Jason Huntley,RB,22,2021
2020,173,CHI,Darnell Mooney,WR,22,2022
2020,174,TEN,Larrell Murchison,DT,23,2022
2020,175,GNB,Kamal Martin,LB,22,2021
2020,176,MIN,K.J. Osborn,WR,23,2022
2020,177,KAN,Michael Danna,DE,22,2022
2020,178,DEN,Justin Strnad,LB,24,2022
2020,179,DAL,Bradlee Anae,DE,21,2021
2020,180,CIN,Hakeem Adeniji,T,22,2022
2020,181,DEN,Netane Muti,G,21,2022
2020,182,NWE,Michael Onwenu,G,22,2022
2020,183,NYG,Cam Brown,LB,22,2022
2020,184,CAR,Bravvion Roy,DT,23,2022
2020,185,MIA,Blake Ferguson,LS,23,2022
2020,186,LAC,Alohi Gilman,S,22,2022
2020,187,CLE,Donovan Peoples-Jones,WR,21,2022
2020,188,BUF,Tyler Bass,K,23,2022
2020,189,JAX,Jake Luton,QB,24,2020
2020,190,SFO,Charlie Woerner,TE,22,2022
2020,191,NYJ,Braden Mann,P,22,2022
2020,192,GNB,Jon Runyan Jr.,T,23,2022
2020,193,IND,Robert Windsor,DT,23,2020
2020,194,TAM,Khalil Davis,DT,24,2021
2020,195,NWE,Justin Herron,T,24,2022
2020,196,PHI,Shaun Bradley,LB,23,2022
2020,197,DET,John Penisini,DT,23,2021
2020,198,PIT,Antoine Brooks Jr.,S,21,2021
2020,199,LAR,Jordan Fuller,S,22,2022
2020,200,PHI,Quez Watkins,WR,22,2022
2020,201,BAL,James Proche,WR,23,2022
2020,202,ARI,Evan Weaver,LB,22,
2020,203,MIN,Blake Brandel,T,23,2022
2020,204,NWE,Cassh Maluia,LB,21,2020
2020,205,MIN,Josh Metellus,S,22,2022
2020,206,JAX,Tyler Davis,TE,23,2022
2020,207,BUF,Isaiah Hodgins,WR,21,2022
2020,208,GNB,Jake Hanson,C,23,2022
2020,209,GNB,Simon Stepaniak,T,23,
2020,210,PHI,Prince Tega Wanogho,T,22,2022
2020,211,IND,Isaiah Rodgers,CB,22,2022
2020,212,IND,Dezmon Patmon,WR,22,2022
2020,213,IND,Jordan Glasgow,LB,24,2021
2020,214,SEA,Freddie Swain,WR,22,2022
2020,215,CIN,Markus Bailey,LB,23,2022
2020,216,WAS,Kamren Curl,S,21,2022
2020,217,SFO,Jauan Jennings,WR,23,2022
2020,218,NYG,Carter Coughlin,LB,23,2022
2020,219,BAL,Geno Stone,S,21,2022
2020,220,LAC,K.J. Hill,WR,22,2021
2020,221,CAR,Stantley Thomas-Oliver,CB,22,2022
2020,222,ARI,Eno Benjamin,RB,21,2022
2020,223,JAX,Chris Claybrooks,CB,23,2022
2020,224,TEN,Cole McDonald,QB,22,
2020,225,MIN,Kenny Willekes,DE,23,2021
2020,226,CHI,Arlington Hambright,T,24,2020
2020,227,CHI,Lachavious Simmons,G,23,2021
2020,228,ATL,Sterling Hofrichter,P,23,2021
2020,229,WAS,James Smith-Williams,DE,23,2022
2020,230,NWE,Dustin Woodard,C,22,
2020,231,DAL,Ben DiNucci,QB,23,2020
2020,232,PIT,Carlos Davis,DT,24,2022
2020,233,PHI,Casey Toohill,DE,24,2022
2020,234,LAR,Clay Johnston,LB,24,2022
2020,235,DET,Jashon Cornell,DT,23,2021
2020,236,GNB,Vernon Scott,S,22,2021
2020,237,KAN,Thakarius Keyes,CB,22,2021
2020,238,NYG,T.J. Brunson,LB,22,2020
2020,239,BUF,Dane Jackson,CB,23,2022
2020,240,NOR,Tommy Stevens,QB,23,2020
2020,241,TAM,Chapelle Russell,LB,23,2021
2020,242,GNB,Jonathan Garvin,DE,21,2022
2020,243,TEN,Chris Jackson,S,22,2022
2020,244,MIN,Nate Stanley,QB,23,
2020,245,TAM,Raymond Calais,RB,22,2020
2020,246,MIA,Malcolm Perry,RB,23,2020
2020,247,NYG,Chris Williamson,CB,23,2021
2020,248,LAR,Sam Sloman,K,22,2020
2020,249,MIN,Brian Cole II,S,23,
2020,250,LAR,Tremayne Anchrum,G,22,2022
2020,251,SEA,Stephen Sullivan,TE,23,2022
2020,252,DEN,Tyrie Cleveland,WR,22,2022
2020,253,MIN,Kyle Hinton,G,22,2022
2020,254,DEN,Derrek Tuszka,LB,24,2022
2020,255,NYG,Tae Crowder,LB,23,2022
2021,1,JAX,Trevor Lawrence,QB,21,2022
2021,2,NYJ,Zach Wilson,QB,22,2022
2021,3,SFO,Trey Lance,QB,21,2022
2021,4,ATL,Kyle Pitts,TE,20,2022
2021,5,CIN,Ja'Marr Chase,WR,21,2022
2021,6,MIA,Jaylen Waddle,WR,22,2022
2021,7,DET,Penei Sewell,OL,20,2022
2021,8,CAR,Jaycee Horn,DB,21,2022
2021,9,DEN,Patrick Surtain II,DB,21,2022
2021,10,PHI,DeVonta Smith,WR,22,2022
2021,11,CHI,Justin Fields,QB,22,2022
2021,12,DAL,Micah Parsons,LB,22,2022
2021,13,LAC,Rashawn Slater,OL,22,2022
2021,14,NYJ,Alijah Vera-Tucker,OL,22,2022
2021,15,NWE,Mac Jones,QB,23,2022
2021,16,ARI,Zaven Collins,LB,22,2022
2021,17,LVR,Alex Leatherwood,OL,22,2022
2021,18,MIA,Jaelan Phillips,DL,22,2022
2021,19,WAS,Jamin Davis,LB,22,2022
2021,20,NYG,Kadarius Toney,WR,22,2022
2021,21,IND,Kwity Paye,DL,22,2022
2021,22,TEN,Caleb Farley,DB,22,2022
2021,23,MIN,Christian Darrisaw,OL,22,2022
2021,24,PIT,Najee Harris,RB,23,2022
2021,25,JAX,Travis Etienne,RB,22,2022
2021,26,CLE,Greg Newsome II,DB,21,2022
2021,27,BAL,Rashod Bateman,WR,21,2022
2021,28,NOR,Payton Turner,DE,23,2022
2021,29,GNB,Eric Stokes,DB,22,2022
2021,30,BUF,Gregory Rousseau,DL,21,2022
2021,31,BAL,Odafe Oweh ,DE,22,2022
2021,32,TAM,Joe Tryon-Shoyinka,OLB,22,2022
2021,33,JAX,Tyson Campbell,DB,21,2022
2021,34,NYJ,Elijah Moore,WR,21,2022
2021,35,DEN,Javonte Williams,RB,21,2022
2021,36,MIA,Jevon Holland,S,21,2022
2021,37,PHI,Landon Dickerson,OL,22,2022
2021,38,NWE,Christian Barmore,DL,22,2022
2021,39,CHI,Teven Jenkins,OL,23,2022
2021,40,ATL,Richie Grant,DB,23,2022
2021,41,DET,Levi Onwuzurike,DL,23,2021
2021,42,MIA,Liam Eichenberg,OL,23,2022
2021,43,LVR,Trevon Moehrig,S,22,2022
2021,44,DAL,Kelvin Joseph,DB,20,2022
2021,45,JAX,Walker Little,T,22,2022
2021,46,CIN,Jackson Carman,T,21,2022
2021,47,LAC,Asante Samuel Jr.,DB,21,2022
2021,48,SFO,Aaron Banks,OL,24,2022
2021,49,ARI,Rondale Moore,WR,21,2022
2021,50,NYG,Azeez Ojulari,OLB,21,2022
2021,51,WAS,Samuel Cosmi,OL,22,2022
2021,52,CLE,Jeremiah Owusu-Koramoah,LB,21,2022
2021,53,TEN,Dillon Radunz,T,23,2022
2021,54,IND,Dayo Odeyingbo,DL,21,2022
2021,55,PIT,Pat Freiermuth,TE,22,2022
2021,56,SEA,D'Wayne Eskridge,WR,24,2022
2021,57,LAR,Tutu Atwell,WR,21,2022
2021,58,KAN,Nick Bolton,LB,21,2022
2021,59,CAR,Terrace Marshall Jr.,WR,21,2022
2021,60,NOR,Pete Werner,LB,22,2022
2021,61,BUF,Boogie Basham,DL,23,2022
2021,62,GNB,Josh Myers,C,23,2022
2021,63,KAN,Creed Humphrey,OL,22,2022
2021,64,TAM,Kyle Trask,QB,23,2022
2021,65,JAX,Andre Cisco,DB,21,2022
2021,66,MIN,Kellen Mond,QB,22,2021
2021,67,HOU,Davis Mills,QB,22,2022
2021,68,ATL,Jalen Mayfield,OL,21,2021
2021,69,CIN,Joseph Ossai,LB,21,2022
2021,70,CAR,Brady Christensen,OL,24,2022
2021,71,NYG,Aaron Robinson,DB,23,2022
2021,72,DET,Alim McNeill,DT,21,2022
2021,73,PHI,Milton Williams,DL,22,2022
2021,74,WAS,Benjamin St-Juste,DB,23,2022
2021,75,DAL,Osa Odighizuwa,DL,23,2022
2021,76,NOR,Paulson Adebo,CB,22,2022
2021,77,LAC,Josh Palmer,WR,22,2022
2021,78,MIN,Chazz Surratt,LB,24,2022
2021,79,LVR,Malcolm Koonce,DE,23,2022
2021,80,LVR,Divine Deablo,DB,23,2022
2021,81,MIA,Hunter Long,TE,23,2022
2021,82,WAS,Dyami Brown,WR,21,2022
2021,83,CAR,Tommy Tremble,TE,21,2022
2021,84,DAL,Chauncey Golston,DL,23,2022
2021,85,GNB,Amari Rodgers,WR,21,2022
2021,86,MIN,Wyatt Davis,OL,22,2022
2021,87,PIT,Kendrick Green,OL,22,2021
2021,88,SFO,Trey Sermon,RB,22,2022
2021,89,HOU,Nico Collins,WR,22,2022
2021,90,MIN,Patrick Jones II,DL,22,2022
2021,91,CLE,Anthony Schwartz,WR,21,2022
2021,92,TEN,Monty Rice,LB,22,2022
2021,93,BUF,Spencer Brown,OL,23,2022
2021,94,BAL,Ben Cleveland,OL,23,2022
2021,95,TAM,Robert Hainsey,OL,23,2022
2021,96,NWE,Ronnie Perkins,DE,21,
2021,97,LAC,Tre' McKitty,TE,22,2022
2021,98,DEN,Quinn Meinerz,C,22,2022
2021,99,DAL,Nahshon Wright,DB,22,2022
2021,100,TEN,Elijah Molden,DB,22,2022
2021,101,DET,Ifeatu Melifonwu,DB,22,2022
2021,102,SFO,Ambry Thomas,DB,21,2022
2021,103,LAR,Ernest Jones,LB,21,2022
2021,104,BAL,Brandon Stephens,CB,23,2022
2021,105,DEN,Baron Browning,LB,22,2022
2021,106,JAX,Jay Tufele,DL,22,2022
2021,107,NYJ,Michael Carter,RB,22,2022
2021,108,ATL,Darren Hall,CB,21,2022
2021,109,TEN,Dez Fitzpatrick,WR,23,2022
2021,110,CLE,James Hudson,OL,22,2022
2021,111,CIN,Cameron Sample,DE,21,2022
2021,112,DET,Amon-Ra St. Brown,WR,21,2022
2021,113,DET,Derrick Barnes,DE,22,2022
2021,114,ATL,Drew Dalman,C,22,2022
2021,115,DAL,Jabril Cox,LB,23,2022
2021,116,NYG,Elerson Smith,DL,23,2022
2021,117,LAR,Bobby Brown,DL,21,2022
2021,118,LAC,Chris Rumph,DE,22,2022
2021,119,MIN,Kene Nwangwu,RB,23,2022
2021,120,NWE,Rhamondre Stevenson,RB,23,2022
2021,121,JAX,Jordan Smith,OLB,23,2021
2021,122,CIN,Tyler Shelvin,DT,23,2022
2021,123,PHI,Zech McPhearson,DB,23,2022
2021,124,WAS,John Bates,TE,23,2022
2021,125,MIN,Camryn Bynum,CB,23,2022
2021,126,CAR,Chuba Hubbard,RB,22,2022
2021,127,IND,Kylen Granson,TE,23,2022
2021,128,PIT,Dan Moore,OL,22,2022
2021,129,TAM,Jaelon Darden,WR,22,2022
2021,130,LAR,Robert Rochell,DB,23,2022
2021,131,BAL,Tylan Wallace,WR,22,2022
2021,132,CLE,Tommy Togiai,DT,21,2022
2021,133,NOR,Ian Book,QB,23,2021
2021,134,MIN,Janarius Robinson,DE,22,
2021,135,TEN,Rashad Weaver,DL,23,2022
2021,136,ARI,Marco Wilson,CB,22,2022
2021,137,SEA,Tre Brown,CB,23,2022
2021,138,DAL,Josh Ball,OL,23,2022
2021,139,CIN,D'Ante Smith,T,23,2022
2021,140,PIT,Buddy Johnson,LB,22,2021
2021,141,LAR,Jacob Harris,WR,24,2022
2021,142,GNB,Royce Newman,G,24,2022
2021,143,LVR,Tyree Gillespie,S,23,2022
2021,144,KAN,Joshua Kaindoh,DE,22,2021
2021,145,JAX,Luke Farrell,TE,23,2022
2021,146,NYJ,Jamien Sherwood,DB,21,2022
2021,147,HOU,Brevin Jordan,TE,21,2022
2021,148,ATL,Ta'Quon Graham,DL,22,2022
2021,149,CIN,Evan McPherson,K,22,2022
2021,150,PHI,Kenneth Gainwell,RB,22,2022
2021,151,CHI,Larry Borom,OL,22,2022
2021,152,DEN,Caden Sterns,DB,21,2022
2021,153,CLE,Tony Fields,LB,22,2022
2021,154,NYJ,Michael Carter,S,22,2022
2021,155,SFO,Jaylon Moore,T,23,2022
2021,156,PIT,Isaiahh Loudermilk,DE,23,2022
2021,157,MIN,Ihmir Smith-Marsette,WR,22,2022
2021,158,CAR,Daviyon Nixon,DT,22,2022
2021,159,LAC,Brenden Jaimes,OL,22,2022
2021,160,BAL,Shaun Wade,CB,22,2022
2021,161,BUF,Tommy Doyle,OL,23,2022
2021,162,KAN,Noah Gray,TE,22,2022
2021,163,WAS,Darrick Forrest,S,22,2022
2021,164,DEN,Jamar Johnson,DB,21,2021
2021,165,IND,Shawn Davis,DB,22,2021
2021,166,CAR,Keith Taylor,DB,22,2022
2021,167,LVR,Nate Hobbs,CB,22,2022
2021,168,MIN,Zach Davidson,TE,23,
2021,169,CLE,Richard LeCounte,DB,22,2022
2021,170,HOU,Garret Wallow,LB,22,2022
2021,171,BAL,Daelin Hayes,DL,23,2021
2021,172,SFO,Deommodore Lenoir,CB,21,2022
2021,173,GNB,Tedarrell Slaton,DL,23,2022
2021,174,LAR,Earnest Brown IV,DE,22,2022
2021,175,NYJ,Jason Pinnock,CB,22,2022
2021,176,TAM,K.J. Britt,LB,22,2022
2021,177,NWE,Cameron McGrone,LB,21,2022
2021,178,GNB,Shemar Jean-Charles,DB,23,2022
2021,179,DAL,Simi Fehoko,WR,23,2022
2021,180,SFO,Talanoa Hufanga,S,22,2022
2021,181,KAN,Cornell Powell,WR,23,2022
2021,182,ATL,Adetokunbo Ogundeji,DL,22,2022
2021,183,ATL,Avery Williams,CB,23,2022
2021,184,BAL,Ben Mason,FB,22,
2021,185,LAC,Nick Niemann,LB,23,2022
2021,186,NYJ,Hamsah Nasirildeen,DB,22,2022
2021,187,ATL,Frank Darby,WR,23,2022
2021,188,NWE,Joshuah Bledsoe,S,22,2022
2021,189,PHI,Marlon Tuipulotu,DL,22,2022
2021,190,CIN,Trey Hill,OL,21,2022
2021,191,PHI,Tarron Jackson,DE,23,2022
2021,192,DAL,Quinton Bohanna,DT,22,2022
2021,193,CAR,Deonte Brown,OL,23,2021
2021,194,SFO,Elijah Mitchell,RB,23,2022
2021,195,HOU,Roy Lopez,DL,24,2022
2021,196,NYG,Gary Brightwell,RB,22,2022
2021,197,NWE,William Sherman,OL,22,2021
2021,198,LAC,Larry Rountree,RB,22,2022
2021,199,MIN,Jaylen Twyman,DL,22,
2021,200,NYJ,Brandin Echols,CB,23,2022
2021,201,NYG,Rodarius Williams,CB,24,2022
2021,202,CIN,Chris Evans,RB,23,2022
2021,203,BUF,Marquez Stevenson,WR,23,2021
2021,204,CAR,Shi Smith,WR,22,2022
2021,205,TEN,Racey McMath,WR,22,2022
2021,206,NOR,Landon Young,T,24,2022
2021,207,NYJ,Jonathan Marshall,DL,23,2021
2021,208,SEA,Stone Forsythe,OL,23,2022
2021,209,JAX,Jalen Camp,WR,23,2022
2021,210,ARI,Victor Dimukeje,DE,21,2022
2021,211,CLE,Demetric Felton,RB,23,2022
2021,212,BUF,Damar Hamlin,DB,23,2022
2021,213,BUF,Rachad Wildgoose,CB,21,2022
2021,214,GNB,Cole Van Lanen,OL,23,2022
2021,215,TEN,Brady Breeze,S,23,2022
2021,216,PIT,Quincy Roche,DL,23,2022
2021,217,CHI,Khalil Herbert,RB,23,2022
2021,218,IND,Sam Ehlinger,QB,22,2022
2021,219,DEN,Seth Williams,WR,21,2021
2021,220,GNB,Isaiah McDuffie ,LB,22,2022
2021,221,CHI,Dazz Newsome,WR,22,2021
2021,222,CAR,Thomas Fletcher,LS,22,
2021,223,ARI,Tay Gowan,DB,23,2022
2021,224,PHI,JaCoby Stevens,S,23,2021
2021,225,WAS,Camaron Cheeseman,LS,23,2022
2021,226,KAN,Trey Smith,OL,22,2022
2021,227,DAL,Israel Mukuamu,DB,21,2022
2021,228,CHI,Thomas Graham,CB,22,2022
2021,229,IND,Mike Strachan,WR,24,2022
2021,230,LVR,Jimmy Morrissey,OL,23,2022
2021,231,MIA,Larnel Coleman,T,23,2022
2021,232,CAR,Phil Hoskins,DT,24,2022
2021,233,LAR,Jake Funk,RB,23,2022
2021,234,PHI,Patrick Johnson,DE,23,2022
2021,235,CIN,Wyatt Hubert,DE,23,
2021,236,BUF,Jack Anderson,OL,22,2022
2021,237,DEN,Kary Vincent Jr.,CB,22,2021
2021,238,DAL,Matt Farniok,G,23,2022
2021,239,DEN,Jonathon Cooper,DE,23,2022
2021,240,WAS,William Bradley-King,OLB,23,2022
2021,241,LAC,Mark Webb,DB,22,2021
2021,242,NWE,Tre Nixon,WR,23,
2021,243,ARI,James Wiggins,S,24,2021
2021,244,MIA,Gerrid Doaks,RB,23,
2021,245,PIT,Tre Norwood,DB,22,2022
2021,246,WAS,Shaka Toney,DE,23,2022
2021,247,ARI,Michal Menet,OL,24,
2021,248,IND,Will Fries,OL,23,2022
2021,249,LAR,Ben Skowronek,WR,24,2022
2021,250,CHI,Khyiris Tonga,DL,25,2022
2021,251,TAM,Chris Wilcox,DB,23,
2021,252,LAR,Chris Garrett,DE,23,2021
2021,253,DEN,Marquiss Spencer,DE,24,2021
2021,254,PIT,Pressley Harvin III,P,22,2022
2021,255,NOR,Kawaan Baker,WR,23,2021
2021,256,GNB,Kylin Hill,RB,23,2022
2021,257,DET,Jermar Jefferson,RB,21,2021
2021,258,WAS,Dax Milne,WR,22,2022
2021,259,TAM,Grant Stuard,LB,22,2022
2022,1,JAX,Travon Walker,DE,21,2022
2022,2,DET,Aidan Hutchinson,DE,22,2022
2022,3,HOU,Derek Stingley Jr.,CB,21,2022
2022,4,NYJ,Sauce Gardner,CB,22,2022
2022,5,NYG,Kayvon Thibodeaux,DE,21,2022
2022,6,CAR,Ikem Ekwonu,T,21,2022
2022,7,NYG,Evan Neal,OL,21,2022
2022,8,ATL,Drake London,WR,21,2022
2022,9,SEA,Charles Cross,OL,21,2022
2022,10,NYJ,Garrett Wilson,WR,22,2022
2022,11,NOR,Chris Olave,WR,22,2022
2022,12,DET,Jameson Williams,WR,21,2022
2022,13,PHI,Jordan Davis,DT,22,2022
2022,14,BAL,Kyle Hamilton,SAF,21,2022
2022,15,HOU,Kenyon Green,OL,21,2022
2022,16,WAS,Jahan Dotson,WR,22,2022
2022,17,LAC,Zion Johnson,G,22,2022
2022,18,TEN,Treylon Burks,WR,22,2022
2022,19,NOR,Trevor Penning,T,23,2022
2022,20,PIT,Kenny Pickett,QB,24,2022
2022,21,KAN,Trent McDuffie,CB,21,2022
2022,22,GNB,Quay Walker,LB,22,2022
2022,23,BUF,Kaiir Elam,CB,21,2022
2022,24,DAL,Tyler Smith,OL,21,2022
2022,25,BAL,Tyler Linderbaum,OL,22,2022
2022,26,NYJ,Jermaine Johnson II,LB,23,2022
2022,27,JAX,Devin Lloyd,LB,23,2022
2022,28,GNB,Devonte Wyatt,DT,24,2022
2022,29,NWE,Cole Strange,OL,24,2022
2022,30,KAN,George Karlaftis III,DE,21,2022
2022,31,CIN,Daxton Hill,DB,21,2022
2022,32,MIN,Lewis Cine,DB,22,2022
2022,33,TAM,Logan Hall,DE,22,2022
2022,34,GNB,Christian Watson,WR,23,2022
2022,35,TEN,Roger McCreary,CB,22,2022
2022,36,NYJ,Breece Hall,RB,21,2022
2022,37,HOU,Jalen Pitre,SAF,23,2022
2022,38,ATL,Arnold Ebiketie,DE,23,2022
2022,39,CHI,Kyler Gordon,CB,22,2022
2022,40,SEA,Boye Mafe,DE,23,2022
2022,41,SEA,Kenneth Walker III,RB,21,2022
2022,42,MIN,Andrew Booth,CB,21,2022
2022,43,NYG,Wan'Dale Robinson,WR,21,2022
2022,44,HOU,John Metchie,WR,22,
2022,45,BAL,David Ojabo,LB,22,2022
2022,46,DET,Josh Paschal,DE,22,2022
2022,47,WAS,Phidarian Mathis,DT,24,2022
2022,48,CHI,Jaquan Brisker,SAF,23,2022
2022,49,NOR,Alontae Taylor,DB,23,2022
2022,50,NWE,Tyquan Thornton,WR,22,2022
2022,51,PHI,Cam Jurgens,OL,23,2022
2022,52,PIT,George Pickens,WR,21,2022
2022,53,IND,Alec Pierce,WR,22,2022
2022,54,KAN,Skyy Moore,WR,21,2022
2022,55,ARI,Trey McBride,TE,22,2022
2022,56,DAL,Sam Williams,DE,23,2022
2022,57,TAM,Luke Goedeke,OL,23,2022
2022,58,ATL,Troy Andersen,LB,23,2022
2022,59,MIN,Ed Ingram,G,23,2022
2022,60,CIN,Cam Taylor-Britt,CB,22,2022
2022,61,SFO,Drake Jackson,OLB,21,2022
2022,62,KAN,Bryan Cook,SAF,23,2022
2022,63,BUF,James Cook,RB,22,2022
2022,64,DEN,Nik Bonitto,OLB,22,2022
2022,65,JAX,Luke Fortner,G,24,2022
2022,66,MIN,Brian Asamoah,LB,22,2022
2022,67,NYG,Joshua Ezeudu,OL,22,2022
2022,68,CLE,Martin Emerson,CB,21,2022
2022,69,TEN,Nicholas Petit-Frere,T,22,2022
2022,70,JAX,Chad Muma,LB,23,2022
2022,71,CHI,Velus Jones Jr.,WR,25,2022
2022,72,SEA,Abraham Lucas,OL,23,2022
2022,73,IND,Jelani Woods,TE,23,2022
2022,74,ATL,Desmond Ridder,QB,23,2022
2022,75,HOU,Christian Harris,LB,21,2022
2022,76,BAL,Travis Jones,DT,22,2022
2022,77,IND,Bernhard Raimann,OL,24,2022
2022,78,CLE,Alex Wright,DE,22,2022
2022,79,LAC,JT Woods,SAF,22,2022
2022,80,DEN,Greg Dulcich,TE,22,2022
2022,81,NYG,Cordale Flott,CB,21,2022
2022,82,ATL,DeAngelo Malone,DE,23,2022
2022,83,PHI,Nakobe Dean,LB,21,2022
2022,84,PIT,DeMarvin Leal,DT,22,2022
2022,85,NWE,Marcus Jones,CB,23,2022
2022,86,TEN,Malik Willis,QB,23,2022
2022,87,ARI,Cameron Thomas,DE,22,2022
2022,88,DAL,Jalen Tolbert,WR,23,2022
2022,89,BUF,Terrel Bernard,LB,23,2022
2022,90,LVR,Dylan Parham,OL,23,2022
2022,91,TAM,Rachaad White,RB,23,2022
2022,92,GNB,Sean Rhyan,OL,23,2022
2022,93,SFO,Tyrion Davis-Price,RB,21,2022
2022,94,CAR,Matt Corral,QB,23,
2022,95,CIN,Zachary Carter,DE,23,2022
2022,96,IND,Nick Cross,DB,20,2022
2022,97,DET,Kerby Joseph,DB,21,2022
2022,98,WAS,Brian Robinson Jr.,RB,23,2022
2022,99,CLE,David Bell,WR,21,2022
2022,100,ARI,Myjai Sanders,DE,24,2022
2022,101,NYJ,Jeremy Ruckert,TE,22,2022
2022,102,MIA,Channing Tindall,LB,22,2022
2022,103,KAN,Leo Chenal,LB,21,2022
2022,104,LAR,Logan Bruss,OL,22,
2022,105,SFO,Danny Gray,WR,23,2022
2022,106,TAM,Cade Otton,TE,23,2022
2022,107,HOU,Dameon Pierce,RB,22,2022
2022,108,CLE,Perrion Winfrey,DT,22,2022
2022,109,SEA,Coby Bryant,CB,23,2022
2022,110,BAL,Daniel Faalele,T,22,2022
2022,111,NYJ,Max Mitchell,T,22,2022
2022,112,NYG,Daniel Bellinger,TE,21,2022
2022,113,WAS,Percy Butler,SAF,22,2022
2022,114,NYG,Dane Belton,DB,21,2022
2022,115,DEN,Damarri Mathis,DB,23,2022
2022,116,DEN,Eyioma Uwazurike,DE,24,2022
2022,117,NYJ,Micheal Clemons,DT,25,2022
2022,118,MIN,Akayleb Evans,DB,23,2022
2022,119,BAL,Jalyn Armour-Davis,DB,23,2022
2022,120,CAR,Brandon Smith,LB,21,2022
2022,121,NWE,Jack Jones,DB,24,2022
2022,122,LVR,Zamir White,RB,22,2022
2022,123,LAC,Isaiah Spiller,RB,21,2022
2022,124,CLE,Cade York,K,21,2022
2022,125,MIA,Erik Ezukanma,WR,22,2022
2022,126,LVR,Neil Farrell,DT,23,2022
2022,127,NWE,Pierre Strong,RB,23,2022
2022,128,BAL,Charlie Kolar,TE,23,2022
2022,129,DAL,Jake Ferguson,TE,23,2022
2022,130,BAL,Jordan Stout,P,24,2022
2022,131,TEN,Hassan Haskins,RB,22,2022
2022,132,GNB,Romeo Doubs,WR,22,2022
2022,133,TAM,Jake Camarda,P,23,2022
2022,134,SFO,Spencer Burford,OL,23,2022
2022,135,KAN,Joshua Williams,CB,22,2022
2022,136,CIN,Cordell Volson,T,24,2022
2022,137,NWE,Bailey Zappe,QB,23,2022
2022,138,PIT,Calvin Austin,WR,23,
2022,139,BAL,Isaiah Likely,TE,22,2022
2022,140,GNB,Zach Tom,OL,23,2022
2022,141,BAL,Damarion Williams,CB,24,2022
2022,142,LAR,Cobie Durant,DB,24,2022
2022,143,TEN,Chigoziem Okonkwo,TE,22,2022
2022,144,WAS,Sam Howell,QB,21,2022
2022,145,KAN,Darian Kinnard,T,22,2022
2022,146,NYG,Micah McFadden,LB,22,2022
2022,147,NYG,D.J. Davidson,DT,24,2022
2022,148,BUF,Khalil Shakir,WR,22,2022
2022,149,WAS,Cole Turner,TE,22,2022
2022,150,HOU,Thomas Booker,DE,22,2022
2022,151,ATL,Tyler Allgeier,RB,22,2022
2022,152,DEN,Delarrin Turner-Yell,SAF,22,2022
2022,153,SEA,Tariq Woolen,CB,23,2022
2022,154,JAX,Snoop Conner,RB,22,2022
2022,155,DAL,Matt Waletzko,OL,22,2022
2022,156,CLE,Jerome Ford,RB,22,2022
2022,157,TAM,Zyon McCollum,DB,23,2022
2022,158,SEA,Tyreke Smith,DE,22,
2022,159,IND,Eric Johnson,DT,24,2022
2022,160,LAC,Otito Ogbonnia,DT,20,2022
2022,161,NOR,D'Marco Jackson,LB,24,
2022,162,DEN,Montrell Washington,WR,23,2022
2022,163,TEN,Kyle Philips,WR,23,2022
2022,164,LAR,Kyren Williams,RB,22,2022
2022,165,MIN,Esezi Otomewo,DT,23,2022
2022,166,CIN,Tycen Anderson,SAF,23,
2022,167,DAL,DaRon Bland,DB,23,2022
2022,168,CHI,Braxton Jones,OL,23,2022
2022,169,MIN,Ty Chandler,RB,24,2022
2022,170,HOU,Teagan Quitoriano,TE,22,2022
2022,171,DEN,Luke Wattenberg,OL,24,2022
2022,172,SFO,Samuel Womack,CB,23,2022
2022,173,NYG,Marcus McKethan,OL,23,
2022,174,CHI,Dominique Robinson,DE,24,2022
2022,175,LVR,Matthew Butler,DT,23,2022
2022,176,DAL,Damone Clark,LB,22,2022
2022,177,DET,James Mitchell,TE,23,2022
2022,178,DAL,John Ridgeway,DT,23,2022
2022,179,GNB,Kingsley Enagbare,DE,22,2022
2022,180,BUF,Matt Araiza,P,22,
2022,181,PHI,Kyron Johnson,DE,24,2022
2022,182,NYG,Darrian Beavers,LB,23,
2022,183,NWE,Kevin Harris,RB,21,2022
2022,184,MIN,Vederian Lowe,OL,23,2022
2022,185,BUF,Christian Benford,DB,21,2022
2022,186,CHI,Zachary Thomas,OL,24,2022
2022,187,SFO,Nick Zakelj,OL,23,2022
2022,188,DET,Malcolm Rodriguez,LB,23,2022
2022,189,CAR,Amare Barno,DE,23,2022
2022,190,ATL,Justin Shaffer,OL,24,
2022,191,MIN,Jalen Nailor,WR,23,2022
2022,192,IND,Andrew Ogletree,TE,24,
2022,193,DAL,Devin Harper,LB,24,2022
2022,194,NOR,Jordan Jackson,DT,24,
2022,195,LAC,Jamaree Salyer,OL,22,2022
2022,196,BAL,Tyler Badie,RB,22,2022
2022,197,JAX,Gregory Junior,CB,23,2022
2022,198,PHI,Grant Calcaterra,TE,23,2022
2022,199,CAR,Cade Mays,OL,23,2022
2022,200,NWE,Sam Roberts,DE,24,2022
2022,201,ARI,Keaontay Ingram,RB,22,2022
2022,202,CLE,Michael Woods II,WR,22,2022
2022,203,CHI,Trestan Ebner,RB,23,2022
2022,204,TEN,Theo Jackson,DB,23,2022
2022,205,HOU,Austin Deculus,T,23,2022
2022,206,DEN,Matt Henningsen,DE,23,2022
2022,207,CHI,Doug Kramer,OL,24,
2022,208,PIT,Connor Heyward,TE,23,2022
2022,209,BUF,Luke Tenuta,OL,23,2022
2022,210,NWE,Chasen Hines,G,22,
2022,211,LAR,Quentin Lake,DB,23,2022
2022,212,LAR,Derion Kendrick,DB,22,2022
2022,213,ATL,John FitzPatrick,TE,22,
2022,214,LAC,Ja'Sir Taylor,DB,23,2022
2022,215,ARI,Lecitus Smith,OL,24,2022
2022,216,IND,Curtis Brooks,DT,24,
2022,217,DET,James Houston,LB,23,2022
2022,218,TAM,Ko Kieft,TE,24,2022
2022,219,TEN,Chance Campbell,LB,22,
2022,220,SFO,Kalia Davis,DT,23,
2022,221,SFO,Tariq Castro-Fields,CB,23,2022
2022,222,JAX,Montaric Brown,DB,23,2022
2022,223,CLE,Isaiah Thomas,DE,23,2022
2022,224,MIA,Cameron Goode,OLB,24,
2022,225,PIT,Mark Robinson,LB,23,2022
2022,226,CHI,Ja'Tyre Carter,OL,23,2022
2022,227,MIN,Nick Muse,TE,23,2022
2022,228,GNB,Tariq Carpenter,DB,23,2022
2022,229,SEA,Bo Melton,WR,23,
2022,230,WAS,Chris Paul,OL,23,2022
2022,231,BUF,Baylon Spector,LB,23,2022
2022,232,DEN,Faion Hicks,CB,24,2022
2022,233,SEA,Dareke Young,WR,23,2022
2022,234,GNB,Jonathan Ford,DT,23,
2022,235,LAR,Daniel Hardy,LB,23,2022
2022,236,LAC,Deane Leonard,DB,22,2022
2022,237,DET,Chase Lucas,DB,25,2022
2022,238,LVR,Thayer Munford,OL,22,2022
2022,239,IND,Rodney Thomas II,LB,24,2022
2022,240,WAS,Christian Holmes,CB,24,2022
2022,241,PIT,Chris Oladokun,QB,25,
2022,242,CAR,Kalon Barnes,CB,23,2022
2022,243,KAN,Jaylen Watson,DB,23,2022
2022,244,ARI,Christian Matthew,DB,25,2022
2022,245,NWE,Andrew Stueber,OL,23,
2022,246,CLE,Dawson Deaton,OL,23,
2022,247,MIA,Skylar Thompson,QB,25,2022
2022,248,TAM,Andre Anthony,DE,25,
2022,249,GNB,Rasheed Walker,OL,22,2022
2022,250,LVR,Brittain Brown,RB,24,2022
2022,251,KAN,Isiah Pacheco,RB,22,2022
2022,252,CIN,Jeff Gunter,OLB,23,2022
2022,253,LAR,Russ Yeast,DB,23,2022
2022,254,CHI,Elijah Hicks,SAF,22,2022
2022,255,CHI,Trenton Gill,P,23,2022
2022,256,ARI,Jesse Luketa,LB,23,2022
2022,257,ARI,Marquis Hayes,OL,23,
2022,258,GNB,Samori Toure,WR,24,2022
2022,259,KAN,Nazeeh Johnson,SAF,24,2022
2022,260,LAC,Zander Horvath,RB,23,2022
2022,261,LAR,AJ Arcuri,OT,25,2022
2022,262,SFO,Brock Purdy,QB,22,2022
